text,labels,multi_hot
Look how they twist facts to confuse the people.,"[""emotional_framing"", ""propaganda_style_language""]","[1, 0, 0, 1]"
The media is run by traitors hiding the truth. - breaking news,"[""emotional_framing"", ""propaganda_style_language""]","[1, 0, 0, 1]"
This is our last chance to defend our values.,"[""absolutist_language"", ""emotional_framing"", ""propaganda_style_language""]","[1, 1, 0, 1]"
"The hiking trail reopened after seasonal closures., say sources","[""vague_or_unsupported_claims""]","[0, 0, 1, 0]"
Only a true patriot would support this plan.!,"[""absolutist_language"", ""emotional_framing"", ""propaganda_style_language""]","[1, 1, 0, 1]"
History will remember this moment as our victory. - experts claim,"[""emotional_framing"", ""vague_or_unsupported_claims""]","[1, 0, 1, 0]"
"Their lies have gone unchallenged for too long., say sources","[""emotional_framing"", ""propaganda_style_language"", ""vague_or_unsupported_claims""]","[1, 0, 1, 1]"
A rare astronomical event will be visible tonight. - experts claim,"[""vague_or_unsupported_claims""]","[0, 0, 1, 0]"
Only a true patriot would support this plan. (details inside),"[""absolutist_language"", ""propaganda_style_language""]","[0, 1, 0, 1]"
A rare astronomical event will be visible tonight. - witness report,"[""emotional_framing"", ""vague_or_unsupported_claims""]","[1, 0, 1, 0]"
The media is run by traitors hiding the truth.,"[""emotional_framing"", ""propaganda_style_language""]","[1, 0, 0, 1]"
No real citizen would oppose this measure.,"[""absolutist_language"", ""propaganda_style_language""]","[0, 1, 0, 1]"
City council approved a new zoning regulation.,"[""emotional_framing""]","[1, 0, 0, 0]"
City council approved a new zoning regulation. - witness report,"[""vague_or_unsupported_claims""]","[0, 0, 1, 0]"
"Don't be fooled by foreign propaganda machines., say sources","[""emotional_framing"", ""propaganda_style_language"", ""vague_or_unsupported_claims""]","[1, 0, 1, 1]"
Public schools will start offering free meals next term. - unconfirmed,"[""vague_or_unsupported_claims""]","[0, 0, 1, 0]"
A rare astronomical event will be visible tonight. (details inside),"[""emotional_framing""]","[1, 0, 0, 0]"
The latest smartphone model features improved battery life.,"[""emotional_framing""]","[1, 0, 0, 0]"
They want to control your thoughts with lies. - experts claim,"[""emotional_framing"", ""propaganda_style_language"", ""vague_or_unsupported_claims""]","[1, 0, 1, 1]"
Don't be fooled by foreign propaganda machines. - report says,"[""emotional_framing"", ""propaganda_style_language"", ""vague_or_unsupported_claims""]","[1, 0, 1, 1]"
Sales increased by 5% compared to last quarter. - unconfirmed,"[""vague_or_unsupported_claims""]","[0, 0, 1, 0]"
History will remember this moment as our victory.,"[""emotional_framing""]","[1, 0, 0, 0]"
History will remember this moment as our victory. - breaking news,"[""emotional_framing""]","[1, 0, 0, 0]"
An educational fair will be held downtown this weekend. - breaking news,"[""emotional_framing""]","[1, 0, 0, 0]"
City council approved a new zoning regulation. - report says,"[""vague_or_unsupported_claims""]","[0, 0, 1, 0]"
Let’s silence the lies with our unity. - experts claim,"[""emotional_framing"", ""propaganda_style_language"", ""vague_or_unsupported_claims""]","[1, 0, 1, 1]"
A software update is now available for all users. - report says,"[""emotional_framing"", ""vague_or_unsupported_claims""]","[1, 0, 1, 0]"
Join the resistance and reclaim our future. - unconfirmed,"[""emotional_framing"", ""propaganda_style_language"", ""vague_or_unsupported_claims""]","[1, 0, 1, 1]"
The concert has been postponed to next Friday. (details inside),"[""emotional_framing""]","[1, 0, 0, 0]"
No real citizen would oppose this measure. - witness report,"[""absolutist_language"", ""emotional_framing"", ""propaganda_style_language"", ""vague_or_unsupported_claims""]","[1, 1, 1, 1]"
The book has topped bestseller charts for the third week.,[],"[0, 0, 0, 0]"
The library introduced a new digital lending system.,[],"[0, 0, 0, 0]"
True strength lies in unity under one vision.,"[""emotional_framing"", ""propaganda_style_language""]","[1, 0, 0, 1]"
Look how they twist facts to confuse the people. - experts claim,"[""emotional_framing"", ""propaganda_style_language"", ""vague_or_unsupported_claims""]","[1, 0, 1, 1]"
Their lies have gone unchallenged for too long. (details inside),"[""emotional_framing"", ""propaganda_style_language""]","[1, 0, 0, 1]"
An educational fair will be held downtown this weekend.,"[""emotional_framing""]","[1, 0, 0, 0]"
The wildlife reserve reported an increase in bird species. - witness report,"[""emotional_framing"", ""vague_or_unsupported_claims""]","[1, 0, 1, 0]"
The concert has been postponed to next Friday.,[],"[0, 0, 0, 0]"
True strength lies in unity under one vision. - experts claim,"[""emotional_framing"", ""propaganda_style_language"", ""vague_or_unsupported_claims""]","[1, 0, 1, 1]"
He is the savior our nation has been waiting for. - report says,"[""vague_or_unsupported_claims""]","[0, 0, 1, 0]"
Public schools will start offering free meals next term. (details inside),"[""emotional_framing""]","[1, 0, 0, 0]"
He is the savior our nation has been waiting for.!,"[""emotional_framing""]","[1, 0, 0, 0]"
History will remember this moment as our victory. - report says,"[""emotional_framing"", ""vague_or_unsupported_claims""]","[1, 0, 1, 0]"
The team won the championship after a close match.!,"[""emotional_framing""]","[1, 0, 0, 0]"
Traffic was delayed due to maintenance on the highway.,[],"[0, 0, 0, 0]"
The hiking trail reopened after seasonal closures. - report says,"[""emotional_framing"", ""vague_or_unsupported_claims""]","[1, 0, 1, 0]"
Researchers published findings on the new vaccine trial. - unconfirmed,"[""emotional_framing"", ""vague_or_unsupported_claims""]","[1, 0, 1, 0]"
"Public schools will start offering free meals next term., say sources","[""vague_or_unsupported_claims""]","[0, 0, 1, 0]"
A rare astronomical event will be visible tonight. - breaking news,"[""emotional_framing""]","[1, 0, 0, 0]"
"A rare astronomical event will be visible tonight., say sources","[""vague_or_unsupported_claims""]","[0, 0, 1, 0]"
Temperatures are expected to drop over the weekend.,"[""emotional_framing""]","[1, 0, 0, 0]"
A local bakery was awarded for its traditional recipes. - breaking news,"[""emotional_framing""]","[1, 0, 0, 0]"
A local bakery was awarded for its traditional recipes.,[],"[0, 0, 0, 0]"
"True strength lies in unity under one vision., say sources","[""emotional_framing"", ""propaganda_style_language"", ""vague_or_unsupported_claims""]","[1, 0, 1, 1]"
Let’s silence the lies with our unity. - report says,"[""emotional_framing"", ""propaganda_style_language"", ""vague_or_unsupported_claims""]","[1, 0, 1, 1]"
The team won the championship after a close match. (details inside),[],"[0, 0, 0, 0]"
"Only a true patriot would support this plan., say sources","[""absolutist_language"", ""propaganda_style_language"", ""vague_or_unsupported_claims""]","[0, 1, 1, 1]"
Researchers published findings on the new vaccine trial.,[],"[0, 0, 0, 0]"
Let’s silence the lies with our unity.,"[""emotional_framing"", ""propaganda_style_language""]","[1, 0, 0, 1]"
A rare astronomical event will be visible tonight. - report says,"[""vague_or_unsupported_claims""]","[0, 0, 1, 0]"
Only a true patriot would support this plan. - breaking news,"[""absolutist_language"", ""emotional_framing"", ""propaganda_style_language""]","[1, 1, 0, 1]"
"Sales increased by 5% compared to last quarter., say sources","[""emotional_framing"", ""vague_or_unsupported_claims""]","[1, 0, 1, 0]"
A rare astronomical event will be visible tonight.,[],"[0, 0, 0, 0]"
They’ll destroy everything unless we stop them.,"[""emotional_framing""]","[1, 0, 0, 0]"
The media is run by traitors hiding the truth. - unconfirmed,"[""emotional_framing"", ""propaganda_style_language"", ""vague_or_unsupported_claims""]","[1, 0, 1, 1]"
The art exhibit opened to positive reviews from critics. - breaking news,"[""emotional_framing""]","[1, 0, 0, 0]"
Join the resistance and reclaim our future. - witness report,"[""emotional_framing"", ""propaganda_style_language"", ""vague_or_unsupported_claims""]","[1, 0, 1, 1]"
The art exhibit opened to positive reviews from critics.,[],"[0, 0, 0, 0]"
Don't be fooled by foreign propaganda machines. - experts claim,"[""emotional_framing"", ""propaganda_style_language"", ""vague_or_unsupported_claims""]","[1, 0, 1, 1]"
They want to control your thoughts with lies. - witness report,"[""emotional_framing"", ""propaganda_style_language"", ""vague_or_unsupported_claims""]","[1, 0, 1, 1]"
The book has topped bestseller charts for the third week. - witness report,"[""emotional_framing"", ""vague_or_unsupported_claims""]","[1, 0, 1, 0]"
Volunteers helped clean up the beach on Saturday.!,"[""emotional_framing""]","[1, 0, 0, 0]"
A new species of fish has been discovered in the Pacific.,[],"[0, 0, 0, 0]"
Those who speak against us are enemies of progress. - witness report,"[""vague_or_unsupported_claims""]","[0, 0, 1, 0]"
"A local bakery was awarded for its traditional recipes., say sources","[""emotional_framing"", ""vague_or_unsupported_claims""]","[1, 0, 1, 0]"
True strength lies in unity under one vision. - breaking news,"[""emotional_framing"", ""propaganda_style_language""]","[1, 0, 0, 1]"
"This is our last chance to defend our values., say sources","[""absolutist_language"", ""emotional_framing"", ""propaganda_style_language"", ""vague_or_unsupported_claims""]","[1, 1, 1, 1]"
"If we don’t act now, our children will suffer.","[""emotional_framing""]","[1, 0, 0, 0]"
Traffic was delayed due to maintenance on the highway. - experts claim,"[""vague_or_unsupported_claims""]","[0, 0, 1, 0]"
Those who speak against us are enemies of progress. - experts claim,"[""emotional_framing"", ""vague_or_unsupported_claims""]","[1, 0, 1, 0]"
Temperatures are expected to drop over the weekend. - report says,"[""emotional_framing"", ""vague_or_unsupported_claims""]","[1, 0, 1, 0]"
No real citizen would oppose this measure. - experts claim,"[""absolutist_language"", ""propaganda_style_language"", ""vague_or_unsupported_claims""]","[0, 1, 1, 1]"
Everyone knows the real agenda behind this move.,"[""absolutist_language"", ""propaganda_style_language""]","[0, 1, 0, 1]"
A new species of fish has been discovered in the Pacific. - unconfirmed,"[""emotional_framing"", ""vague_or_unsupported_claims""]","[1, 0, 1, 0]"
The wildlife reserve reported an increase in bird species. - unconfirmed,"[""emotional_framing"", ""vague_or_unsupported_claims""]","[1, 0, 1, 0]"
Their lies have gone unchallenged for too long. - breaking news,"[""emotional_framing"", ""propaganda_style_language""]","[1, 0, 0, 1]"
True strength lies in unity under one vision. - report says,"[""emotional_framing"", ""propaganda_style_language"", ""vague_or_unsupported_claims""]","[1, 0, 1, 1]"
"If we don’t act now, our children will suffer. - witness report","[""emotional_framing"", ""vague_or_unsupported_claims""]","[1, 0, 1, 0]"
Temperatures are expected to drop over the weekend. - breaking news,"[""emotional_framing""]","[1, 0, 0, 0]"
A software update is now available for all users.,"[""emotional_framing""]","[1, 0, 0, 0]"
An educational fair will be held downtown this weekend. - experts claim,"[""emotional_framing"", ""vague_or_unsupported_claims""]","[1, 0, 1, 0]"
Their lies have gone unchallenged for too long.,"[""emotional_framing"", ""propaganda_style_language""]","[1, 0, 0, 1]"
"The library introduced a new digital lending system., say sources","[""vague_or_unsupported_claims""]","[0, 0, 1, 0]"
Only a true patriot would support this plan. - witness report,"[""absolutist_language"", ""emotional_framing"", ""propaganda_style_language"", ""vague_or_unsupported_claims""]","[1, 1, 1, 1]"
"If we don’t act now, our children will suffer. - breaking news","[""emotional_framing""]","[1, 0, 0, 0]"
The latest smartphone model features improved battery life. - report says,"[""vague_or_unsupported_claims""]","[0, 0, 1, 0]"
"They want to control your thoughts with lies., say sources","[""emotional_framing"", ""propaganda_style_language"", ""vague_or_unsupported_claims""]","[1, 0, 1, 1]"
Don't be fooled by foreign propaganda machines. - breaking news,"[""emotional_framing"", ""propaganda_style_language""]","[1, 0, 0, 1]"
"If we don’t act now, our children will suffer., say sources","[""emotional_framing"", ""vague_or_unsupported_claims""]","[1, 0, 1, 0]"
"Volunteers helped clean up the beach on Saturday., say sources","[""emotional_framing"", ""vague_or_unsupported_claims""]","[1, 0, 1, 0]"
Sales increased by 5% compared to last quarter. - report says,"[""vague_or_unsupported_claims""]","[0, 0, 1, 0]"
They want to control your thoughts with lies. (details inside),"[""emotional_framing"", ""propaganda_style_language""]","[1, 0, 0, 1]"
Everyone knows the real agenda behind this move. (details inside),"[""absolutist_language"", ""emotional_framing"", ""propaganda_style_language""]","[1, 1, 0, 1]"
Our leader has never been wrong. Trust him. (details inside),"[""absolutist_language"", ""propaganda_style_language""]","[0, 1, 0, 1]"
An educational fair will be held downtown this weekend. - witness report,"[""vague_or_unsupported_claims""]","[0, 0, 1, 0]"
The hiking trail reopened after seasonal closures. - breaking news,"[""emotional_framing""]","[1, 0, 0, 0]"
"Temperatures are expected to drop over the weekend., say sources","[""emotional_framing"", ""vague_or_unsupported_claims""]","[1, 0, 1, 0]"
"City council approved a new zoning regulation., say sources","[""emotional_framing"", ""vague_or_unsupported_claims""]","[1, 0, 1, 0]"
Sales increased by 5% compared to last quarter.!,"[""emotional_framing""]","[1, 0, 0, 0]"
Traffic was delayed due to maintenance on the highway. - breaking news,"[""emotional_framing""]","[1, 0, 0, 0]"
"The team won the championship after a close match., say sources","[""vague_or_unsupported_claims""]","[0, 0, 1, 0]"
Let’s silence the lies with our unity. - breaking news,"[""emotional_framing"", ""propaganda_style_language""]","[1, 0, 0, 1]"
"We are the majority, and we must act now.","[""emotional_framing""]","[1, 0, 0, 0]"
A software update is now available for all users. - unconfirmed,"[""vague_or_unsupported_claims""]","[0, 0, 1, 0]"
"History will remember this moment as our victory., say sources","[""emotional_framing"", ""vague_or_unsupported_claims""]","[1, 0, 1, 0]"
Stand up for your country or watch it fall. - witness report,"[""emotional_framing"", ""propaganda_style_language"", ""vague_or_unsupported_claims""]","[1, 0, 1, 1]"
A local bakery was awarded for its traditional recipes. (details inside),[],"[0, 0, 0, 0]"
They want to control your thoughts with lies. - report says,"[""emotional_framing"", ""propaganda_style_language"", ""vague_or_unsupported_claims""]","[1, 0, 1, 1]"
A local bakery was awarded for its traditional recipes. - experts claim,"[""vague_or_unsupported_claims""]","[0, 0, 1, 0]"
The media is run by traitors hiding the truth. - witness report,"[""emotional_framing"", ""propaganda_style_language"", ""vague_or_unsupported_claims""]","[1, 0, 1, 1]"
"We are the majority, and we must act now. - unconfirmed","[""vague_or_unsupported_claims""]","[0, 0, 1, 0]"
Sales increased by 5% compared to last quarter. - witness report,"[""vague_or_unsupported_claims""]","[0, 0, 1, 0]"
Don't be fooled by foreign propaganda machines. - unconfirmed,"[""emotional_framing"", ""propaganda_style_language"", ""vague_or_unsupported_claims""]","[1, 0, 1, 1]"
City council approved a new zoning regulation. - unconfirmed,"[""vague_or_unsupported_claims""]","[0, 0, 1, 0]"
"The wildlife reserve reported an increase in bird species., say sources","[""emotional_framing"", ""vague_or_unsupported_claims""]","[1, 0, 1, 0]"
"We are the majority, and we must act now. (details inside)","[""emotional_framing""]","[1, 0, 0, 0]"
Public schools will start offering free meals next term.,[],"[0, 0, 0, 0]"
Public schools will start offering free meals next term. - report says,"[""vague_or_unsupported_claims""]","[0, 0, 1, 0]"
Sales increased by 5% compared to last quarter. (details inside),"[""emotional_framing""]","[1, 0, 0, 0]"
The team won the championship after a close match. - breaking news,"[""emotional_framing""]","[1, 0, 0, 0]"
The hiking trail reopened after seasonal closures.,[],"[0, 0, 0, 0]"
They want to control your thoughts with lies. - breaking news,"[""emotional_framing"", ""propaganda_style_language""]","[1, 0, 0, 1]"
The library introduced a new digital lending system. - experts claim,"[""emotional_framing"", ""vague_or_unsupported_claims""]","[1, 0, 1, 0]"
The book has topped bestseller charts for the third week. - experts claim,"[""emotional_framing"", ""vague_or_unsupported_claims""]","[1, 0, 1, 0]"
The art exhibit opened to positive reviews from critics. - experts claim,"[""emotional_framing"", ""vague_or_unsupported_claims""]","[1, 0, 1, 0]"
"If we don’t act now, our children will suffer. - experts claim","[""emotional_framing"", ""vague_or_unsupported_claims""]","[1, 0, 1, 0]"
They want to control your thoughts with lies.!,"[""emotional_framing"", ""propaganda_style_language""]","[1, 0, 0, 1]"
The media is run by traitors hiding the truth. - report says,"[""emotional_framing"", ""propaganda_style_language"", ""vague_or_unsupported_claims""]","[1, 0, 1, 1]"
Look how they twist facts to confuse the people. - witness report,"[""emotional_framing"", ""propaganda_style_language"", ""vague_or_unsupported_claims""]","[1, 0, 1, 1]"
Temperatures are expected to drop over the weekend. (details inside),[],"[0, 0, 0, 0]"
Stand up for your country or watch it fall.!,"[""emotional_framing"", ""propaganda_style_language""]","[1, 0, 0, 1]"
"We are the majority, and we must act now. - breaking news","[""emotional_framing""]","[1, 0, 0, 0]"
Let’s silence the lies with our unity. - unconfirmed,"[""emotional_framing"", ""propaganda_style_language"", ""vague_or_unsupported_claims""]","[1, 0, 1, 1]"
Researchers published findings on the new vaccine trial. - breaking news,"[""emotional_framing""]","[1, 0, 0, 0]"
The latest smartphone model features improved battery life. (details inside),[],"[0, 0, 0, 0]"
"If we don’t act now, our children will suffer. (details inside)","[""emotional_framing""]","[1, 0, 0, 0]"
The media is run by traitors hiding the truth. (details inside),"[""emotional_framing"", ""propaganda_style_language""]","[1, 0, 0, 1]"
Only a true patriot would support this plan. - unconfirmed,"[""absolutist_language"", ""emotional_framing"", ""propaganda_style_language"", ""vague_or_unsupported_claims""]","[1, 1, 1, 1]"
Join the resistance and reclaim our future.,"[""emotional_framing"", ""propaganda_style_language""]","[1, 0, 0, 1]"
"Look how they twist facts to confuse the people., say sources","[""emotional_framing"", ""propaganda_style_language"", ""vague_or_unsupported_claims""]","[1, 0, 1, 1]"
"Everyone knows the real agenda behind this move., say sources","[""absolutist_language"", ""emotional_framing"", ""propaganda_style_language"", ""vague_or_unsupported_claims""]","[1, 1, 1, 1]"
"The art exhibit opened to positive reviews from critics., say sources","[""vague_or_unsupported_claims""]","[0, 0, 1, 0]"
Don't be fooled by foreign propaganda machines.,"[""emotional_framing"", ""propaganda_style_language""]","[1, 0, 0, 1]"
"If we don’t act now, our children will suffer. - report says","[""emotional_framing"", ""vague_or_unsupported_claims""]","[1, 0, 1, 0]"
Everyone knows the real agenda behind this move. - breaking news,"[""absolutist_language"", ""emotional_framing"", ""propaganda_style_language""]","[1, 1, 0, 1]"
The team won the championship after a close match. - experts claim,"[""emotional_framing"", ""vague_or_unsupported_claims""]","[1, 0, 1, 0]"
Volunteers helped clean up the beach on Saturday. - unconfirmed,"[""emotional_framing"", ""vague_or_unsupported_claims""]","[1, 0, 1, 0]"
City council approved a new zoning regulation. (details inside),"[""emotional_framing""]","[1, 0, 0, 0]"
"The media is run by traitors hiding the truth., say sources","[""emotional_framing"", ""propaganda_style_language"", ""vague_or_unsupported_claims""]","[1, 0, 1, 1]"
The wildlife reserve reported an increase in bird species. (details inside),"[""emotional_framing""]","[1, 0, 0, 0]"
They want to control your thoughts with lies. - unconfirmed,"[""emotional_framing"", ""propaganda_style_language"", ""vague_or_unsupported_claims""]","[1, 0, 1, 1]"
The wildlife reserve reported an increase in bird species.,[],"[0, 0, 0, 0]"
The wildlife reserve reported an increase in bird species. - report says,"[""vague_or_unsupported_claims""]","[0, 0, 1, 0]"
Don't be fooled by foreign propaganda machines. - witness report,"[""emotional_framing"", ""propaganda_style_language"", ""vague_or_unsupported_claims""]","[1, 0, 1, 1]"
This is our last chance to defend our values. (details inside),"[""absolutist_language"", ""emotional_framing"", ""propaganda_style_language""]","[1, 1, 0, 1]"
The book has topped bestseller charts for the third week. - report says,"[""vague_or_unsupported_claims""]","[0, 0, 1, 0]"
Look how they twist facts to confuse the people. - breaking news,"[""emotional_framing"", ""propaganda_style_language""]","[1, 0, 0, 1]"
The library introduced a new digital lending system. - unconfirmed,"[""emotional_framing"", ""vague_or_unsupported_claims""]","[1, 0, 1, 0]"
Join the resistance and reclaim our future. (details inside),"[""emotional_framing"", ""propaganda_style_language""]","[1, 0, 0, 1]"
A local bakery was awarded for its traditional recipes. - unconfirmed,"[""emotional_framing"", ""vague_or_unsupported_claims""]","[1, 0, 1, 0]"
Public schools will start offering free meals next term. - breaking news,"[""emotional_framing""]","[1, 0, 0, 0]"
A new species of fish has been discovered in the Pacific. - experts claim,"[""vague_or_unsupported_claims""]","[0, 0, 1, 0]"
Stand up for your country or watch it fall. - unconfirmed,"[""emotional_framing"", ""propaganda_style_language"", ""vague_or_unsupported_claims""]","[1, 0, 1, 1]"
Those who speak against us are enemies of progress.,"[""emotional_framing""]","[1, 0, 0, 0]"
This is our last chance to defend our values. - witness report,"[""absolutist_language"", ""emotional_framing"", ""propaganda_style_language"", ""vague_or_unsupported_claims""]","[1, 1, 1, 1]"
"Researchers published findings on the new vaccine trial., say sources","[""emotional_framing"", ""vague_or_unsupported_claims""]","[1, 0, 1, 0]"
City council approved a new zoning regulation. - experts claim,"[""emotional_framing"", ""vague_or_unsupported_claims""]","[1, 0, 1, 0]"
The latest smartphone model features improved battery life. - witness report,"[""vague_or_unsupported_claims""]","[0, 0, 1, 0]"
A software update is now available for all users. - witness report,"[""emotional_framing"", ""vague_or_unsupported_claims""]","[1, 0, 1, 0]"
Volunteers helped clean up the beach on Saturday. (details inside),"[""emotional_framing""]","[1, 0, 0, 0]"
Everyone knows the real agenda behind this move. - report says,"[""absolutist_language"", ""emotional_framing"", ""propaganda_style_language"", ""vague_or_unsupported_claims""]","[1, 1, 1, 1]"
Their lies have gone unchallenged for too long. - unconfirmed,"[""emotional_framing"", ""propaganda_style_language"", ""vague_or_unsupported_claims""]","[1, 0, 1, 1]"
Researchers published findings on the new vaccine trial. - experts claim,"[""emotional_framing"", ""vague_or_unsupported_claims""]","[1, 0, 1, 0]"
Those who speak against us are enemies of progress. - unconfirmed,"[""vague_or_unsupported_claims""]","[0, 0, 1, 0]"
True strength lies in unity under one vision. - witness report,"[""emotional_framing"", ""propaganda_style_language"", ""vague_or_unsupported_claims""]","[1, 0, 1, 1]"
Temperatures are expected to drop over the weekend. - witness report,"[""vague_or_unsupported_claims""]","[0, 0, 1, 0]"
The concert has been postponed to next Friday. - unconfirmed,"[""vague_or_unsupported_claims""]","[0, 0, 1, 0]"
No real citizen would oppose this measure. - report says,"[""absolutist_language"", ""emotional_framing"", ""propaganda_style_language"", ""vague_or_unsupported_claims""]","[1, 1, 1, 1]"
The library introduced a new digital lending system. - witness report,"[""emotional_framing"", ""vague_or_unsupported_claims""]","[1, 0, 1, 0]"
They’ll destroy everything unless we stop them. - experts claim,"[""vague_or_unsupported_claims""]","[0, 0, 1, 0]"
Volunteers helped clean up the beach on Saturday. - report says,"[""vague_or_unsupported_claims""]","[0, 0, 1, 0]"
He is the savior our nation has been waiting for. - witness report,"[""emotional_framing"", ""vague_or_unsupported_claims""]","[1, 0, 1, 0]"
Researchers published findings on the new vaccine trial. - report says,"[""emotional_framing"", ""vague_or_unsupported_claims""]","[1, 0, 1, 0]"
The book has topped bestseller charts for the third week. - breaking news,"[""emotional_framing""]","[1, 0, 0, 0]"
Our leader has never been wrong. Trust him. - experts claim,"[""absolutist_language"", ""propaganda_style_language"", ""vague_or_unsupported_claims""]","[0, 1, 1, 1]"
Join the resistance and reclaim our future. - report says,"[""emotional_framing"", ""propaganda_style_language"", ""vague_or_unsupported_claims""]","[1, 0, 1, 1]"
A rare astronomical event will be visible tonight. - unconfirmed,"[""emotional_framing"", ""vague_or_unsupported_claims""]","[1, 0, 1, 0]"
Volunteers helped clean up the beach on Saturday. - witness report,"[""vague_or_unsupported_claims""]","[0, 0, 1, 0]"
"Join the resistance and reclaim our future., say sources","[""emotional_framing"", ""propaganda_style_language"", ""vague_or_unsupported_claims""]","[1, 0, 1, 1]"
This is our last chance to defend our values. - unconfirmed,"[""absolutist_language"", ""emotional_framing"", ""propaganda_style_language"", ""vague_or_unsupported_claims""]","[1, 1, 1, 1]"
They’ll destroy everything unless we stop them. - breaking news,"[""emotional_framing""]","[1, 0, 0, 0]"
"A software update is now available for all users., say sources","[""vague_or_unsupported_claims""]","[0, 0, 1, 0]"
A software update is now available for all users. (details inside),[],"[0, 0, 0, 0]"
The hiking trail reopened after seasonal closures. (details inside),[],"[0, 0, 0, 0]"
Those who speak against us are enemies of progress. - report says,"[""emotional_framing"", ""vague_or_unsupported_claims""]","[1, 0, 1, 0]"
Those who speak against us are enemies of progress. (details inside),"[""emotional_framing""]","[1, 0, 0, 0]"
"He is the savior our nation has been waiting for., say sources","[""vague_or_unsupported_claims""]","[0, 0, 1, 0]"
A new species of fish has been discovered in the Pacific. (details inside),[],"[0, 0, 0, 0]"
The art exhibit opened to positive reviews from critics. - unconfirmed,"[""vague_or_unsupported_claims""]","[0, 0, 1, 0]"
The latest smartphone model features improved battery life. - unconfirmed,"[""emotional_framing"", ""vague_or_unsupported_claims""]","[1, 0, 1, 0]"
"The book has topped bestseller charts for the third week., say sources","[""vague_or_unsupported_claims""]","[0, 0, 1, 0]"
Only a true patriot would support this plan. - report says,"[""absolutist_language"", ""propaganda_style_language"", ""vague_or_unsupported_claims""]","[0, 1, 1, 1]"
The team won the championship after a close match. - report says,"[""emotional_framing"", ""vague_or_unsupported_claims""]","[1, 0, 1, 0]"
He is the savior our nation has been waiting for. - unconfirmed,"[""vague_or_unsupported_claims""]","[0, 0, 1, 0]"
An educational fair will be held downtown this weekend. (details inside),"[""emotional_framing""]","[1, 0, 0, 0]"
Traffic was delayed due to maintenance on the highway. - report says,"[""vague_or_unsupported_claims""]","[0, 0, 1, 0]"
Stand up for your country or watch it fall. - report says,"[""emotional_framing"", ""propaganda_style_language"", ""vague_or_unsupported_claims""]","[1, 0, 1, 1]"
Our leader has never been wrong. Trust him.,"[""absolutist_language"", ""propaganda_style_language""]","[0, 1, 0, 1]"
The concert has been postponed to next Friday. - breaking news,"[""emotional_framing""]","[1, 0, 0, 0]"
An educational fair will be held downtown this weekend. - unconfirmed,"[""emotional_framing"", ""vague_or_unsupported_claims""]","[1, 0, 1, 0]"
A software update is now available for all users. - experts claim,"[""emotional_framing"", ""vague_or_unsupported_claims""]","[1, 0, 1, 0]"
No real citizen would oppose this measure. (details inside),"[""absolutist_language"", ""propaganda_style_language""]","[0, 1, 0, 1]"
"No real citizen would oppose this measure., say sources","[""absolutist_language"", ""emotional_framing"", ""propaganda_style_language"", ""vague_or_unsupported_claims""]","[1, 1, 1, 1]"
True strength lies in unity under one vision. - unconfirmed,"[""emotional_framing"", ""propaganda_style_language"", ""vague_or_unsupported_claims""]","[1, 0, 1, 1]"
The wildlife reserve reported an increase in bird species. - experts claim,"[""vague_or_unsupported_claims""]","[0, 0, 1, 0]"
Stand up for your country or watch it fall. - breaking news,"[""emotional_framing"", ""propaganda_style_language""]","[1, 0, 0, 1]"
The media is run by traitors hiding the truth. - experts claim,"[""emotional_framing"", ""propaganda_style_language"", ""vague_or_unsupported_claims""]","[1, 0, 1, 1]"
A software update is now available for all users. - breaking news,"[""emotional_framing""]","[1, 0, 0, 0]"
Join the resistance and reclaim our future. - breaking news,"[""emotional_framing"", ""propaganda_style_language""]","[1, 0, 0, 1]"
Look how they twist facts to confuse the people. - unconfirmed,"[""emotional_framing"", ""propaganda_style_language"", ""vague_or_unsupported_claims""]","[1, 0, 1, 1]"
The art exhibit opened to positive reviews from critics. - witness report,"[""emotional_framing"", ""vague_or_unsupported_claims""]","[1, 0, 1, 0]"
Everyone knows the real agenda behind this move. - unconfirmed,"[""absolutist_language"", ""propaganda_style_language"", ""vague_or_unsupported_claims""]","[0, 1, 1, 1]"
Volunteers helped clean up the beach on Saturday. - breaking news,"[""emotional_framing""]","[1, 0, 0, 0]"
Our leader has never been wrong. Trust him. - breaking news,"[""absolutist_language"", ""emotional_framing"", ""propaganda_style_language""]","[1, 1, 0, 1]"
The concert has been postponed to next Friday. - witness report,"[""vague_or_unsupported_claims""]","[0, 0, 1, 0]"
"The concert has been postponed to next Friday., say sources","[""vague_or_unsupported_claims""]","[0, 0, 1, 0]"
"They’ll destroy everything unless we stop them., say sources","[""vague_or_unsupported_claims""]","[0, 0, 1, 0]"
Public schools will start offering free meals next term. - witness report,"[""emotional_framing"", ""vague_or_unsupported_claims""]","[1, 0, 1, 0]"
The latest smartphone model features improved battery life. - experts claim,"[""vague_or_unsupported_claims""]","[0, 0, 1, 0]"
This is our last chance to defend our values. - breaking news,"[""absolutist_language"", ""emotional_framing"", ""propaganda_style_language""]","[1, 1, 0, 1]"
"The latest smartphone model features improved battery life., say sources","[""vague_or_unsupported_claims""]","[0, 0, 1, 0]"
The hiking trail reopened after seasonal closures. - witness report,"[""vague_or_unsupported_claims""]","[0, 0, 1, 0]"
"If we don’t act now, our children will suffer. - unconfirmed","[""emotional_framing"", ""vague_or_unsupported_claims""]","[1, 0, 1, 0]"
Traffic was delayed due to maintenance on the highway. (details inside),[],"[0, 0, 0, 0]"
"We are the majority, and we must act now. - experts claim","[""vague_or_unsupported_claims""]","[0, 0, 1, 0]"
A local bakery was awarded for its traditional recipes. - report says,"[""vague_or_unsupported_claims""]","[0, 0, 1, 0]"
The latest smartphone model features improved battery life. - breaking news,"[""emotional_framing""]","[1, 0, 0, 0]"
They’ll destroy everything unless we stop them. (details inside),"[""emotional_framing""]","[1, 0, 0, 0]"
The team won the championship after a close match. - unconfirmed,"[""emotional_framing"", ""vague_or_unsupported_claims""]","[1, 0, 1, 0]"
"We are the majority, and we must act now., say sources","[""vague_or_unsupported_claims""]","[0, 0, 1, 0]"
A new species of fish has been discovered in the Pacific. - breaking news,"[""emotional_framing""]","[1, 0, 0, 0]"
"Stand up for your country or watch it fall., say sources","[""emotional_framing"", ""propaganda_style_language"", ""vague_or_unsupported_claims""]","[1, 0, 1, 1]"
This is our last chance to defend our values. - report says,"[""absolutist_language"", ""emotional_framing"", ""propaganda_style_language"", ""vague_or_unsupported_claims""]","[1, 1, 1, 1]"
No real citizen would oppose this measure. - unconfirmed,"[""absolutist_language"", ""propaganda_style_language"", ""vague_or_unsupported_claims""]","[0, 1, 1, 1]"
The hiking trail reopened after seasonal closures. - unconfirmed,"[""emotional_framing"", ""vague_or_unsupported_claims""]","[1, 0, 1, 0]"
Our leader has never been wrong. Trust him. - report says,"[""absolutist_language"", ""propaganda_style_language"", ""vague_or_unsupported_claims""]","[0, 1, 1, 1]"
"Traffic was delayed due to maintenance on the highway., say sources","[""vague_or_unsupported_claims""]","[0, 0, 1, 0]"
They’ll destroy everything unless we stop them. - unconfirmed,"[""vague_or_unsupported_claims""]","[0, 0, 1, 0]"
Only a true patriot would support this plan. - experts claim,"[""absolutist_language"", ""propaganda_style_language"", ""vague_or_unsupported_claims""]","[0, 1, 1, 1]"
Temperatures are expected to drop over the weekend. - unconfirmed,"[""emotional_framing"", ""vague_or_unsupported_claims""]","[1, 0, 1, 0]"
The concert has been postponed to next Friday. - report says,"[""vague_or_unsupported_claims""]","[0, 0, 1, 0]"
Their lies have gone unchallenged for too long. - report says,"[""emotional_framing"", ""propaganda_style_language"", ""vague_or_unsupported_claims""]","[1, 0, 1, 1]"
Don't be fooled by foreign propaganda machines. (details inside),"[""emotional_framing"", ""propaganda_style_language""]","[1, 0, 0, 1]"
The concert has been postponed to next Friday. - experts claim,"[""vague_or_unsupported_claims""]","[0, 0, 1, 0]"
Sales increased by 5% compared to last quarter. - experts claim,"[""emotional_framing"", ""vague_or_unsupported_claims""]","[1, 0, 1, 0]"
The art exhibit opened to positive reviews from critics. - report says,"[""vague_or_unsupported_claims""]","[0, 0, 1, 0]"
City council approved a new zoning regulation. - breaking news,"[""emotional_framing""]","[1, 0, 0, 0]"
Sales increased by 5% compared to last quarter. - breaking news,"[""emotional_framing""]","[1, 0, 0, 0]"
An educational fair will be held downtown this weekend. - report says,"[""emotional_framing"", ""vague_or_unsupported_claims""]","[1, 0, 1, 0]"
This is our last chance to defend our values. - experts claim,"[""absolutist_language"", ""emotional_framing"", ""propaganda_style_language"", ""vague_or_unsupported_claims""]","[1, 1, 1, 1]"
"A new species of fish has been discovered in the Pacific., say sources","[""vague_or_unsupported_claims""]","[0, 0, 1, 0]"
Traffic was delayed due to maintenance on the highway. - witness report,"[""emotional_framing"", ""vague_or_unsupported_claims""]","[1, 0, 1, 0]"
The art exhibit opened to positive reviews from critics. (details inside),"[""emotional_framing""]","[1, 0, 0, 0]"
Everyone knows the real agenda behind this move. - experts claim,"[""absolutist_language"", ""emotional_framing"", ""propaganda_style_language"", ""vague_or_unsupported_claims""]","[1, 1, 1, 1]"
History will remember this moment as our victory. - witness report,"[""emotional_framing"", ""vague_or_unsupported_claims""]","[1, 0, 1, 0]"
The library introduced a new digital lending system. - breaking news,"[""emotional_framing""]","[1, 0, 0, 0]"
Join the resistance and reclaim our future. - experts claim,"[""emotional_framing"", ""propaganda_style_language"", ""vague_or_unsupported_claims""]","[1, 0, 1, 1]"
The wildlife reserve reported an increase in bird species. - breaking news,"[""emotional_framing""]","[1, 0, 0, 0]"
The hiking trail reopened after seasonal closures. - experts claim,"[""vague_or_unsupported_claims""]","[0, 0, 1, 0]"
Stand up for your country or watch it fall. (details inside),"[""emotional_framing"", ""propaganda_style_language""]","[1, 0, 0, 1]"
Our leader has never been wrong. Trust him. - witness report,"[""absolutist_language"", ""propaganda_style_language"", ""vague_or_unsupported_claims""]","[0, 1, 1, 1]"
He is the savior our nation has been waiting for. (details inside),"[""emotional_framing""]","[1, 0, 0, 0]"
"Let’s silence the lies with our unity., say sources","[""emotional_framing"", ""propaganda_style_language"", ""vague_or_unsupported_claims""]","[1, 0, 1, 1]"
They’ll destroy everything unless we stop them. - witness report,"[""vague_or_unsupported_claims""]","[0, 0, 1, 0]"
"We are the majority, and we must act now. - witness report","[""emotional_framing"", ""vague_or_unsupported_claims""]","[1, 0, 1, 0]"
Traffic was delayed due to maintenance on the highway. - unconfirmed,"[""emotional_framing"", ""vague_or_unsupported_claims""]","[1, 0, 1, 0]"
History will remember this moment as our victory. (details inside),"[""emotional_framing""]","[1, 0, 0, 0]"
The book has topped bestseller charts for the third week. - unconfirmed,"[""vague_or_unsupported_claims""]","[0, 0, 1, 0]"
Our leader has never been wrong. Trust him. - unconfirmed,"[""absolutist_language"", ""propaganda_style_language"", ""vague_or_unsupported_claims""]","[0, 1, 1, 1]"
"We are the majority, and we must act now. - report says","[""vague_or_unsupported_claims""]","[0, 0, 1, 0]"
Their lies have gone unchallenged for too long. - witness report,"[""emotional_framing"", ""propaganda_style_language"", ""vague_or_unsupported_claims""]","[1, 0, 1, 1]"
Temperatures are expected to drop over the weekend. - experts claim,"[""vague_or_unsupported_claims""]","[0, 0, 1, 0]"
The book has topped bestseller charts for the third week. (details inside),"[""emotional_framing""]","[1, 0, 0, 0]"
"Those who speak against us are enemies of progress., say sources","[""vague_or_unsupported_claims""]","[0, 0, 1, 0]"
Researchers published findings on the new vaccine trial. - witness report,"[""vague_or_unsupported_claims""]","[0, 0, 1, 0]"
He is the savior our nation has been waiting for. - breaking news,"[""emotional_framing""]","[1, 0, 0, 0]"
They’ll destroy everything unless we stop them. - report says,"[""emotional_framing"", ""vague_or_unsupported_claims""]","[1, 0, 1, 0]"
Their lies have gone unchallenged for too long. - experts claim,"[""emotional_framing"", ""propaganda_style_language"", ""vague_or_unsupported_claims""]","[1, 0, 1, 1]"
The library introduced a new digital lending system. - report says,"[""vague_or_unsupported_claims""]","[0, 0, 1, 0]"
Volunteers helped clean up the beach on Saturday. - experts claim,"[""vague_or_unsupported_claims""]","[0, 0, 1, 0]"
Look how they twist facts to confuse the people. (details inside),"[""emotional_framing"", ""propaganda_style_language""]","[1, 0, 0, 1]"
A new species of fish has been discovered in the Pacific. - report says,"[""vague_or_unsupported_claims""]","[0, 0, 1, 0]"
A new species of fish has been discovered in the Pacific. - witness report,"[""emotional_framing"", ""vague_or_unsupported_claims""]","[1, 0, 1, 0]"
Let’s silence the lies with our unity. - witness report,"[""emotional_framing"", ""propaganda_style_language"", ""vague_or_unsupported_claims""]","[1, 0, 1, 1]"
"An educational fair will be held downtown this weekend., say sources","[""emotional_framing"", ""vague_or_unsupported_claims""]","[1, 0, 1, 0]"
"Our leader has never been wrong. Trust him., say sources","[""absolutist_language"", ""propaganda_style_language"", ""vague_or_unsupported_claims""]","[0, 1, 1, 1]"
Public schools will start offering free meals next term. - experts claim,"[""vague_or_unsupported_claims""]","[0, 0, 1, 0]"
Look how they twist facts to confuse the people. - report says,"[""emotional_framing"", ""propaganda_style_language"", ""vague_or_unsupported_claims""]","[1, 0, 1, 1]"
Let’s silence the lies with our unity. (details inside),"[""emotional_framing"", ""propaganda_style_language""]","[1, 0, 0, 1]"
Stand up for your country or watch it fall. - experts claim,"[""emotional_framing"", ""propaganda_style_language"", ""vague_or_unsupported_claims""]","[1, 0, 1, 1]"
He is the savior our nation has been waiting for. - experts claim,"[""vague_or_unsupported_claims""]","[0, 0, 1, 0]"
The library introduced a new digital lending system. (details inside),[],"[0, 0, 0, 0]"
The team won the championship after a close match. - witness report,"[""vague_or_unsupported_claims""]","[0, 0, 1, 0]"
Researchers published findings on the new vaccine trial. (details inside),[],"[0, 0, 0, 0]"
Those who speak against us are enemies of progress. - breaking news,"[""emotional_framing""]","[1, 0, 0, 0]"
History will remember this moment as our victory. - unconfirmed,"[""emotional_framing"", ""vague_or_unsupported_claims""]","[1, 0, 1, 0]"
No real citizen would oppose this measure. - breaking news,"[""absolutist_language"", ""emotional_framing"", ""propaganda_style_language""]","[1, 1, 0, 1]"
Everyone knows the real agenda behind this move. - witness report,"[""absolutist_language"", ""emotional_framing"", ""propaganda_style_language"", ""vague_or_unsupported_claims""]","[1, 1, 1, 1]"
A local bakery was awarded for its traditional recipes. - witness report,"[""vague_or_unsupported_claims""]","[0, 0, 1, 0]"
True strength lies in unity under one vision. (details inside),"[""emotional_framing"", ""propaganda_style_language""]","[1, 0, 0, 1]"
Families were left devastated after the sudden closure of the only clinic in the region.,"[""emotional_framing""]","[1, 0, 0, 0]"
The city woke to scenes of chaos as floodwaters tore through residential streets.,"[""emotional_framing""]","[1, 0, 0, 0]"
Residents described the demolition as a cruel blow to a struggling neighborhood.,"[""emotional_framing""]","[1, 0, 0, 0]"
Parents expressed deep anguish over the school board's shocking decision.,"[""emotional_framing""]","[1, 0, 0, 0]"
The heartbreaking loss has shaken the coastal town to its core.,"[""emotional_framing""]","[1, 0, 0, 0]"
Witnesses watched in terror as the fire rapidly spread through the market.,"[""emotional_framing""]","[1, 0, 0, 0]"
The sudden cuts dealt a painful hit to already vulnerable families.,"[""emotional_framing""]","[1, 0, 0, 0]"
Survivors recalled the horrifying moment the bridge began to collapse.,"[""emotional_framing""]","[1, 0, 0, 0]"
The grim report paints a bleak picture of life for displaced residents.,"[""emotional_framing""]","[1, 0, 0, 0]"
Community leaders condemned the move as a devastating setback for local workers.,"[""emotional_framing""]","[1, 0, 0, 0]"
The nation reacted with sorrow to the tragic deaths reported overnight.,"[""emotional_framing""]","[1, 0, 0, 0]"
The emotional testimony left the courtroom in stunned silence.,"[""emotional_framing""]","[1, 0, 0, 0]"
Farmers say the relentless drought has destroyed their hopes for the season.,"[""emotional_framing""]","[1, 0, 0, 0]"
The latest wave of layoffs has plunged hundreds of households into uncertainty and fear.,"[""emotional_framing""]","[1, 0, 0, 0]"
Residents described a nightmare scene after the tornado ripped through the town center.,"[""emotional_framing""]","[1, 0, 0, 0]"
The crisis has sparked outrage among families desperate for answers.,"[""emotional_framing""]","[1, 0, 0, 0]"
Doctors warned of a deeply alarming rise in severe respiratory cases.,"[""emotional_framing""]","[1, 0, 0, 0]"
The heartbreaking separation of families at the border drew widespread condemnation.,"[""emotional_framing""]","[1, 0, 0, 0]"
Shop owners say the repeated thefts have left them frightened and exhausted.,"[""emotional_framing""]","[1, 0, 0, 0]"
"The deadly explosion shattered windows, homes, and a sense of safety across the district.","[""emotional_framing""]","[1, 0, 0, 0]"
Students described the abrupt cancellation as crushing and demoralizing.,"[""emotional_framing""]","[1, 0, 0, 0]"
The violent clashes triggered panic in nearby neighborhoods.,"[""emotional_framing""]","[1, 0, 0, 0]"
Aid groups warned of a desperate humanitarian situation unfolding in the region.,"[""emotional_framing""]","[1, 0, 0, 0]"
The abrupt shutdown has left patients terrified about losing access to treatment.,"[""emotional_framing""]","[1, 0, 0, 0]"
Residents voiced fury over the dangerous delays in emergency response.,"[""emotional_framing""]","[1, 0, 0, 0]"
The storm left a trail of destruction and grief across the valley.,"[""emotional_framing""]","[1, 0, 0, 0]"
Parents were outraged by the disturbing conditions described in the inspection report.,"[""emotional_framing""]","[1, 0, 0, 0]"
The tragic accident sent shockwaves through the small mountain community.,"[""emotional_framing""]","[1, 0, 0, 0]"
The courtroom heard wrenching accounts from families affected by the blast.,"[""emotional_framing""]","[1, 0, 0, 0]"
The closure threatens to tear apart a lifeline for low-income residents.,"[""emotional_framing""]","[1, 0, 0, 0]"
Everyone knows the transit overhaul will completely fail.,"[""absolutist_language""]","[0, 1, 0, 0]"
The new rule will never help small businesses.,"[""absolutist_language""]","[0, 1, 0, 0]"
This policy always hurts working families.,"[""absolutist_language""]","[0, 1, 0, 0]"
No one benefits from these tax changes.,"[""absolutist_language""]","[0, 1, 0, 0]"
The agency has completely ignored the warning signs.,"[""absolutist_language""]","[0, 1, 0, 0]"
The mayor never addresses the real problem.,"[""absolutist_language""]","[0, 1, 0, 0]"
Every resident will be affected by the utility hike.,"[""absolutist_language""]","[0, 1, 0, 0]"
The proposal is entirely disconnected from reality.,"[""absolutist_language""]","[0, 1, 0, 0]"
The reform will always lead to longer wait times.,"[""absolutist_language""]","[0, 1, 0, 0]"
There is absolutely no support for the measure.,"[""absolutist_language""]","[0, 1, 0, 0]"
The company completely abandoned its original promises.,"[""absolutist_language""]","[0, 1, 0, 0]"
Officials never learn from past failures.,"[""absolutist_language""]","[0, 1, 0, 0]"
The decision leaves everyone worse off.,"[""absolutist_language""]","[0, 1, 0, 0]"
The program has entirely failed to meet its goals.,"[""absolutist_language""]","[0, 1, 0, 0]"
The measure will never succeed in rural communities.,"[""absolutist_language""]","[0, 1, 0, 0]"
Every school will face disruption under the new calendar.,"[""absolutist_language""]","[0, 1, 0, 0]"
The government is completely unprepared for the next storm season.,"[""absolutist_language""]","[0, 1, 0, 0]"
No worker will be protected by the revised contract.,"[""absolutist_language""]","[0, 1, 0, 0]"
The new system always crashes during peak demand.,"[""absolutist_language""]","[0, 1, 0, 0]"
The public never asked for this redesign.,"[""absolutist_language""]","[0, 1, 0, 0]"
The board has utterly failed to explain the missing funds.,"[""absolutist_language""]","[0, 1, 0, 0]"
Every attempt to fix the service has completely backfired.,"[""absolutist_language""]","[0, 1, 0, 0]"
The strategy offers zero protection for tenants.,"[""absolutist_language""]","[0, 1, 0, 0]"
The province will never recover if the project is canceled.,"[""absolutist_language""]","[0, 1, 0, 0]"
Everyone can see the plan is entirely unrealistic.,"[""absolutist_language""]","[0, 1, 0, 0]"
The committee completely dismissed public concerns.,"[""absolutist_language""]","[0, 1, 0, 0]"
This approach always creates more problems than it solves.,"[""absolutist_language""]","[0, 1, 0, 0]"
No neighborhood will escape the effects of the budget cuts.,"[""absolutist_language""]","[0, 1, 0, 0]"
The company never intended to keep prices low.,"[""absolutist_language""]","[0, 1, 0, 0]"
The proposal is totally unacceptable to everyone involved.,"[""absolutist_language""]","[0, 1, 0, 0]"
Experts say the redevelopment may be hiding broader financial risks.,"[""vague_or_unsupported_claims""]","[0, 0, 1, 0]"
Many believe the merger could lead to major problems later this year.,"[""vague_or_unsupported_claims""]","[0, 0, 1, 0]"
Observers say the administration may be under pressure behind the scenes.,"[""vague_or_unsupported_claims""]","[0, 0, 1, 0]"
Some analysts believe the company could be facing a secret cash shortage.,"[""vague_or_unsupported_claims""]","[0, 0, 1, 0]"
Reports suggest the housing market might be entering a dangerous phase.,"[""vague_or_unsupported_claims""]","[0, 0, 1, 0]"
Insiders say the project may already be running over budget.,"[""vague_or_unsupported_claims""]","[0, 0, 1, 0]"
Critics argue the proposal could carry hidden costs for residents.,"[""vague_or_unsupported_claims""]","[0, 0, 1, 0]"
Several voices online say the policy may have unintended side effects.,"[""vague_or_unsupported_claims""]","[0, 0, 1, 0]"
People close to the matter believe layoffs could be announced soon.,"[""vague_or_unsupported_claims""]","[0, 0, 1, 0]"
Sources say the minister may be considering a sudden resignation.,"[""vague_or_unsupported_claims""]","[0, 0, 1, 0]"
Some believe the recent outages might point to a bigger system failure.,"[""vague_or_unsupported_claims""]","[0, 0, 1, 0]"
It is widely believed that consumer trust could be slipping.,"[""vague_or_unsupported_claims""]","[0, 0, 1, 0]"
Reports indicate the investigation may expand in the coming weeks.,"[""vague_or_unsupported_claims""]","[0, 0, 1, 0]"
Many say the measure could disproportionately affect rural towns.,"[""vague_or_unsupported_claims""]","[0, 0, 1, 0]"
Commentators suggest the move might be intended to distract from other issues.,"[""vague_or_unsupported_claims""]","[0, 0, 1, 0]"
Experts warn the trend could signal deeper weaknesses in the economy.,"[""vague_or_unsupported_claims""]","[0, 0, 1, 0]"
Some residents believe the noise complaints may just be the start of a larger dispute.,"[""vague_or_unsupported_claims""]","[0, 0, 1, 0]"
Analysts say the slowdown could eventually spill into the labor market.,"[""vague_or_unsupported_claims""]","[0, 0, 1, 0]"
Rumors persist that the expansion may be delayed again.,"[""vague_or_unsupported_claims""]","[0, 0, 1, 0]"
There are claims that the revised plan might not meet safety standards.,"[""vague_or_unsupported_claims""]","[0, 0, 1, 0]"
Some reports suggest the retailer could close additional stores.,"[""vague_or_unsupported_claims""]","[0, 0, 1, 0]"
Many observers believe the vote may have been influenced by outside pressure.,"[""vague_or_unsupported_claims""]","[0, 0, 1, 0]"
Sources familiar with the matter say more penalties could be on the way.,"[""vague_or_unsupported_claims""]","[0, 0, 1, 0]"
Some experts think the decline may continue well into next quarter.,"[""vague_or_unsupported_claims""]","[0, 0, 1, 0]"
There is growing belief that the funding gap could be larger than expected.,"[""vague_or_unsupported_claims""]","[0, 0, 1, 0]"
Industry watchers say the platform might be losing advertisers.,"[""vague_or_unsupported_claims""]","[0, 0, 1, 0]"
Some say the proposal could quietly reshape local governance.,"[""vague_or_unsupported_claims""]","[0, 0, 1, 0]"
Reports claim the contractor may have overlooked key structural issues.,"[""vague_or_unsupported_claims""]","[0, 0, 1, 0]"
Many believe the recent shift could have far-reaching consequences.,"[""vague_or_unsupported_claims""]","[0, 0, 1, 0]"
Observers suggest the abrupt change may be part of a broader strategy.,"[""vague_or_unsupported_claims""]","[0, 0, 1, 0]"
The corrupt ruling class is once again sacrificing ordinary citizens to protect its power.,"[""propaganda_style_language""]","[0, 0, 0, 1]"
Patriotic communities are standing up against the destructive agenda pushed by political elites.,"[""propaganda_style_language""]","[0, 0, 0, 1]"
Only cowards would stay silent while the nation is handed over to self-serving insiders.,"[""propaganda_style_language""]","[0, 0, 0, 1]"
The regime's loyal mouthpieces continue spreading lies to keep the public obedient.,"[""propaganda_style_language""]","[0, 0, 0, 1]"
Brave citizens are resisting the attack on the country's values.,"[""propaganda_style_language""]","[0, 0, 0, 1]"
The ruling elite is waging a campaign against hardworking families.,"[""propaganda_style_language""]","[0, 0, 0, 1]"
The people are being betrayed by leaders who serve foreign interests instead of the nation.,"[""propaganda_style_language""]","[0, 0, 0, 1]"
This anti-national policy rewards cronies while punishing patriots.,"[""propaganda_style_language""]","[0, 0, 0, 1]"
The establishment is desperate to silence voices that defend the truth.,"[""propaganda_style_language""]","[0, 0, 0, 1]"
Opponents of the bill are being smeared by powerful insiders afraid of real change.,"[""propaganda_style_language""]","[0, 0, 0, 1]"
The nation faces sabotage from the same failed elites who created the crisis.,"[""propaganda_style_language""]","[0, 0, 0, 1]"
True patriots are rejecting the propaganda machine of the ruling bloc.,"[""propaganda_style_language""]","[0, 0, 0, 1]"
The corrupt network behind the decision has no loyalty to the people.,"[""propaganda_style_language""]","[0, 0, 0, 1]"
Enemies of reform are trying to weaken the country from within.,"[""propaganda_style_language""]","[0, 0, 0, 1]"
The regime continues to exploit public fear to tighten its grip.,"[""propaganda_style_language""]","[0, 0, 0, 1]"
Ordinary citizens are paying the price for the elite's cynical power games.,"[""propaganda_style_language""]","[0, 0, 0, 1]"
This is another attempt by disconnected rulers to crush the voice of the people.,"[""propaganda_style_language""]","[0, 0, 0, 1]"
The state's propaganda apparatus is working overtime to protect failed leaders.,"[""propaganda_style_language""]","[0, 0, 0, 1]"
The public is being manipulated by officials who treat dissent as treason.,"[""propaganda_style_language""]","[0, 0, 0, 1]"
The nation deserves better than these corrupt brokers of decline.,"[""propaganda_style_language""]","[0, 0, 0, 1]"
Power-hungry officials are disguising control as reform.,"[""propaganda_style_language""]","[0, 0, 0, 1]"
The ruling circle keeps feeding citizens false hope while tightening surveillance.,"[""propaganda_style_language""]","[0, 0, 0, 1]"
Self-serving elites are once again attacking the country's traditions.,"[""propaganda_style_language""]","[0, 0, 0, 1]"
The people are being asked to suffer while privileged insiders enrich themselves.,"[""propaganda_style_language""]","[0, 0, 0, 1]"
Patriotic workers are being undermined by a leadership class that fears accountability.,"[""propaganda_style_language""]","[0, 0, 0, 1]"
The regime's defenders are branding every critic as an enemy of the state.,"[""propaganda_style_language""]","[0, 0, 0, 1]"
This is what national decline looks like under a corrupt political class.,"[""propaganda_style_language""]","[0, 0, 0, 1]"
The country's future is being sold off by leaders who have abandoned the people.,"[""propaganda_style_language""]","[0, 0, 0, 1]"
Only a captured government would push such a humiliating policy.,"[""propaganda_style_language""]","[0, 0, 0, 1]"
The elite continue to hide behind slogans while the nation suffers.,"[""propaganda_style_language""]","[0, 0, 0, 1]"
The transportation department said bridge repairs will begin on Monday.,[],"[0, 0, 0, 0]"
The company reported a 7 percent increase in quarterly revenue.,[],"[0, 0, 0, 0]"
City council approved the zoning amendment in a 5 to 2 vote.,[],"[0, 0, 0, 0]"
The health ministry released updated vaccination figures for the past year.,[],"[0, 0, 0, 0]"
The university announced a new scholarship program for first-year students.,[],"[0, 0, 0, 0]"
The weather agency forecast rain across the region through Thursday.,[],"[0, 0, 0, 0]"
The transit union and management reached a tentative agreement on Friday.,[],"[0, 0, 0, 0]"
The museum will reopen next month after completing renovations.,[],"[0, 0, 0, 0]"
Police said the road was closed for several hours after the collision.,[],"[0, 0, 0, 0]"
The central bank left its benchmark interest rate unchanged.,[],"[0, 0, 0, 0]"
Officials said the wildfire had burned 120 hectares by Saturday evening.,[],"[0, 0, 0, 0]"
The school district published enrollment numbers for the upcoming term.,[],"[0, 0, 0, 0]"
The retail chain plans to open two new stores this summer.,[],"[0, 0, 0, 0]"
The court scheduled the next hearing for April 14.,[],"[0, 0, 0, 0]"
The labor report showed modest job growth in February.,[],"[0, 0, 0, 0]"
The energy regulator approved the permit following a public review.,[],"[0, 0, 0, 0]"
The airport recorded 18 million passengers last year.,[],"[0, 0, 0, 0]"
The charity said donations increased during the winter campaign.,[],"[0, 0, 0, 0]"
The sports federation released the tournament schedule on Wednesday.,[],"[0, 0, 0, 0]"
The agriculture ministry published updated crop estimates for the season.,[],"[0, 0, 0, 0]"
Everyone can see the corrupt regime is completely abandoning the people.,"[""absolutist_language"", ""propaganda_style_language"", ""emotional_framing""]","[1, 1, 0, 1]"
Many believe the ruling elite may be hiding a broader plan to silence critics.,"[""vague_or_unsupported_claims"", ""propaganda_style_language""]","[0, 0, 1, 1]"
The heartbreaking failure proves the government never cared about ordinary families.,"[""emotional_framing"", ""absolutist_language"", ""propaganda_style_language""]","[1, 1, 0, 1]"
Experts say the country's enemies could be exploiting the crisis to weaken the nation.,"[""vague_or_unsupported_claims"", ""propaganda_style_language""]","[0, 0, 1, 1]"
No one should ignore the terrifying consequences of this disastrous policy.,"[""absolutist_language"", ""emotional_framing""]","[1, 1, 0, 0]"
Observers suggest the shocking crackdown may be part of a wider effort to crush dissent.,"[""vague_or_unsupported_claims"", ""emotional_framing"", ""propaganda_style_language""]","[1, 0, 1, 1]"
The regime's completely heartless response has left families devastated.,"[""absolutist_language"", ""emotional_framing"", ""propaganda_style_language""]","[1, 1, 0, 1]"
Some analysts believe patriotic groups may soon face coordinated attacks from political insiders.,"[""vague_or_unsupported_claims"", ""propaganda_style_language""]","[0, 0, 1, 1]"
Everyone is outraged by the elite's cruel betrayal of the nation.,"[""absolutist_language"", ""emotional_framing"", ""propaganda_style_language""]","[1, 1, 0, 1]"
Reports suggest the administration could be preparing another dangerous assault on civil liberties.,"[""vague_or_unsupported_claims"", ""emotional_framing"", ""propaganda_style_language""]","[1, 0, 1, 1]"
The public was horrified as officials once again completely failed to protect residents.,"[""emotional_framing"", ""absolutist_language""]","[1, 1, 0, 0]"
Many say the corrupt network behind the project may be shielding itself from scrutiny.,"[""vague_or_unsupported_claims"", ""propaganda_style_language""]","[0, 0, 1, 1]"
The devastating cuts show that these leaders never intended to help struggling workers.,"[""emotional_framing"", ""absolutist_language"", ""propaganda_style_language""]","[1, 1, 0, 1]"
Some believe the proposal could quietly hand more power to anti-democratic forces.,"[""vague_or_unsupported_claims"", ""propaganda_style_language""]","[0, 0, 1, 1]"
Everyone felt the heartbreaking impact of the completely avoidable shutdown.,"[""emotional_framing"", ""absolutist_language""]","[1, 1, 0, 0]"
Experts warn the ruling class may be planning a broader campaign against dissenting voices.,"[""vague_or_unsupported_claims"", ""propaganda_style_language""]","[0, 0, 1, 1]"
The shocking decision is another attack by elites who never listen to the people.,"[""emotional_framing"", ""absolutist_language"", ""propaganda_style_language""]","[1, 1, 0, 1]"
Many observers believe the terrifying decline could be linked to hidden policy failures.,"[""vague_or_unsupported_claims"", ""emotional_framing""]","[1, 0, 1, 0]"
No one should trust a regime that completely demonizes its critics.,"[""absolutist_language"", ""propaganda_style_language""]","[0, 1, 0, 1]"
Reports say the nation's enemies may be exploiting the crisis to spread fear.,"[""vague_or_unsupported_claims"", ""emotional_framing"", ""propaganda_style_language""]","[1, 0, 1, 1]"
Residents described the sudden evacuation as terrifying and chaotic.,"[""emotional_framing""]","[1, 0, 0, 0]"
The heartbreaking closure left hundreds of workers uncertain about their future.,"[""emotional_framing""]","[1, 0, 0, 0]"
Everyone knows the new policy will completely destroy local businesses.,"[""absolutist_language""]","[0, 1, 0, 0]"
Officials never listen to the concerns raised by ordinary residents.,"[""absolutist_language""]","[0, 1, 0, 0]"
Experts say the company may be hiding deeper financial troubles.,"[""vague_or_unsupported_claims""]","[0, 0, 1, 0]"
Many observers believe the proposal could lead to serious consequences.,"[""vague_or_unsupported_claims""]","[0, 0, 1, 0]"
The corrupt elite continue betraying the people they claim to serve.,"[""propaganda_style_language""]","[0, 0, 0, 1]"
Patriotic citizens are pushing back against the regime’s destructive agenda.,"[""propaganda_style_language""]","[0, 0, 0, 1]"
No one should ignore the devastating impact of these completely avoidable cuts.,"[""emotional_framing"", ""absolutist_language""]","[1, 1, 0, 0]"
Reports suggest the ruling elite may be preparing another crackdown on critics.,"[""vague_or_unsupported_claims"", ""propaganda_style_language""]","[0, 0, 1, 1]"
Families were horrified by the government's completely heartless response.,"[""emotional_framing"", ""absolutist_language""]","[1, 1, 0, 0]"
Everyone can see the regime is abandoning the nation’s future.,"[""absolutist_language"", ""propaganda_style_language""]","[0, 1, 0, 1]"
Some analysts believe the shocking decision may signal deeper instability.,"[""vague_or_unsupported_claims"", ""emotional_framing""]","[1, 0, 1, 0]"
The devastating layoffs prove leaders never cared about working families.,"[""emotional_framing"", ""absolutist_language"", ""propaganda_style_language""]","[1, 1, 0, 1]"
Observers say the administration could be quietly expanding its control.,"[""vague_or_unsupported_claims"", ""propaganda_style_language""]","[0, 0, 1, 1]"
The transportation department announced a new commuter rail schedule.,[],"[0, 0, 0, 0]"
The city reported a slight increase in tourism during the spring season.,[],"[0, 0, 0, 0]"
Police confirmed the road reopened after crews cleared debris.,[],"[0, 0, 0, 0]"
The company plans to launch a new product later this year.,[],"[0, 0, 0, 0]"
The education ministry released updated enrollment figures.,[],"[0, 0, 0, 0]"
